{
  "entrypoint": "index.html",
  "shell": "src/my-app.html",
  "fragments": [
    "src/my-view1.html",
    "src/my-view2.html",
    "src/my-view3.html",
    "src/my-view404.html"
  ],
  "sources": [
    "src/**/*",
    "images/**/*"
  ],
  "extraDependencies": [
    "manifest.json",
    "bower_components/webcomponentsjs/*.js"
  ],
  "lint": {
    "rules": ["polymer-2"]
  },
  "builds": [
    {
      "preset": "es5-bundled"
    },
    {
      "preset": "es6-bundled"
    },
    {
      "preset": "es6-unbundled"
    }
  ]
}
